text,variants,lines_settled,tranche,stratum,sampling_weight,clauses,categ_current,nearest_attested,recoverability,gold_categ,confidence,note
oraungrauer,oraungrauer,1,sample_tail,at_risk/full,27.2917,vowel_run,Clear:1,"oraungrauer -> braungrauer (26, edit1)",1.00,,,
Moierhof,Moierhof,1,sample_tail,at_risk/full,27.2917,vowel_run,Clear:1,"moierhof -> meierhof (57, edit1)",1.00,,,
wwwow i,wwwow i,1,sample_tail,at_risk/full,27.2917,"initial_geminate,triple",Clear:1,"wwwow -> wwww (21, edit1)",1.00,trash,,
/cleue,/cleue,1,sample_tail,at_risk/full,27.2917,vowel_run,Clear:1,"cleue -> leute (104, edit1)",1.00,trash,,
zh-2.kroie,zh-2.kroie,1,sample_tail,at_risk/full,27.2917,vowel_run,Clear:1,"kroie -> kopie (1164, edit1)",1.00,trash,,
I WOHNLIAUS,I WOHNLIAUS,1,sample_tail,at_risk/full,27.2917,vowel_run,Clear:1,"wohnliaus -> wohnhaus (17, confusion)",1.00,,,
Lani esmuseum Prag.,Lani esmuseum Prag.,1,sample_tail,at_risk/full,27.2917,low_variety,Noisy:1,"esmuseum -> desmuseum (11, edit1)",1.00,,,
2 2/. Hhove,2 2/. Hhove,1,sample_tail,at_risk/full,27.2917,initial_geminate,Noisy:1,"hhove -> chove (14, edit1)",1.00,trash,,
Uiozen,Uiozen,1,sample_tail,at_risk/full,27.2917,vowel_run,Clear:1,"uiozen -> uiozem (81, confusion)",1.00,noisy,,
Strakouice-FPO,Strakouice-FPO,1,sample_tail,at_risk/full,27.2917,vowel_run,Clear:1,"strakouice -> strakonice (810, edit1)",1.00,noisy,,
CHAEOLOGICKY UST,CHAEOLOGICKY UST,1,sample_tail,at_risk/full,27.2917,vowel_run,Clear:1,"chaeologicky -> cheologicky (21, edit1)",1.00,noisy,,
A.MATENAUER,A.MATENAUER,1,sample_tail,at_risk/full,27.2917,vowel_run,Clear:1,"matenauer -> matzenauer (12, edit1)",1.00,,,
eiots ■■ 3,eiots ■■ 3,1,sample_tail,at_risk/full,27.2917,vowel_run,Noisy:1,"eiots -> reits (47, edit1)",1.00,trash,,
(Fr. Kalouoek).,(Fr. Kalouoek).,1,sample_tail,at_risk/full,27.2917,vowel_run,Noisy:1,"kalouoek -> kalousek (519, edit1)",1.00,noisy,,
mouelace.,mouelace.,1,sample_tail,at_risk/full,27.2917,vowel_run,Clear:1,"mouelace -> modelace (377, edit1)",1.00,noisy,,
Klueov .,Klueov .,1,sample_tail,at_risk/full,27.2917,vowel_run,Noisy:1,"klueov -> klučov (159, edit1)",1.00,noisy,,
"/ Mettt. IV,","/ Mettt. IV,",1,sample_tail,at_risk/full,27.2917,triple,Noisy:1,"mettt -> metat (32, edit1)",1.00,trash,,
91. eeesy,91. eeesy,1,sample_tail,at_risk/full,27.2917,"triple,vowel_run",Noisy:1,"eeesy -> eees (14, edit1)",1.00,trash,,
Dooi dne 41,Dooi dne 41,1,sample_tail,at_risk/full,27.2917,vowel_run,Noisy:1,"dooi -> došo (116, edit1)",1.00,trash,,
vielleicht nlcht gebraeucht?,vielleicht nlcht gebraeucht?,1,sample_tail,at_risk/full,27.2917,vowel_run,Clear:1,"nlcht attested 44x but nicht is 2020x (stronger-twin); gebraeucht -> gebraucht (27, edit1)",1.00,,,
nruoe Komponenty:,nruoe Komponenty:,1,sample_tail,at_risk/full,27.2917,vowel_run,Noisy:1,"nruoe -> nrube (22, edit1)",1.00,noisy,,
V.Teuerstei,V.Teuerstei,1,sample_tail,at_risk/full,27.2917,vowel_run,Clear:1,"teuerstei -> euerstein (10, edit1)",1.00,,,
Riesenauelle besass.,Riesenauelle besass.,1,sample_tail,at_risk/full,27.2917,vowel_run,Clear:1,"riesenauelle -> riesenquelle (32, edit1)",1.00,,,
obiouk,obiouk,1,sample_tail,at_risk/full,27.2917,vowel_run,Noisy:1,"obiouk -> oblouk (1577, confusion)",1.00,noisy,,
5 . TTFET,5 . TTFET,1,sample_tail,at_risk/full,27.2917,initial_geminate,Noisy:1,"ttfet -> ttet (13, edit1)",1.00,trash,,
.. oualy,.. oualy,1,sample_tail,at_risk/full,27.2917,vowel_run,Noisy:1,"oualy -> obaly (62, edit1)",1.00,trash,,
Kultura /Auolz .,Kultura /Auolz .,1,sample_tail,at_risk/full,27.2917,vowel_run,Noisy:1,"auolz -> auol (16, edit1)",1.00,noisy,,
rreicht,rreicht,1,sample_tail,at_risk/full,27.2917,initial_geminate,Clear:1,"rreicht -> reicht (103, confusion)",1.00,,,
MMTP Hanspaulka,MMTP Hanspaulka,1,sample_tail,at_risk/full,27.2917,initial_geminate,Noisy:1,"mmtp -> mhmp (68, edit1)",1.00,noisy,,
alla osssi sacri,alla osssi sacri,1,sample_tail,at_risk/full,27.2917,triple,Clear:1,"osssi -> ossis (218, edit1)",1.00,,,
ryout 3,ryout 3,1,sample_tail,at_risk/full,27.2917,vowel_run,Noisy:1,"ryout -> rytou (2169, edit1)",1.00,trash,,
AUIVL,AUIVL,1,sample_tail,at_risk/full,27.2917,vowel_run,Clear:1,"auivl -> auil (10, edit1)",1.00,trash,,
MIOU,MIOU,1,sample_tail,at_risk/full,27.2917,vowel_run,Clear:1,"miou -> mimo (14204, edit1)",1.00,trash,,
■ hioer,■ hioer,1,sample_tail,at_risk/full,27.2917,vowel_run,Noisy:1,"hioer -> hier (1113, edit1)",1.00,trash,,
rrana--lcen,rrana--lcen,1,sample_tail,at_risk/full,27.2917,initial_geminate,Noisy:1,"rrana -> hrana (4083, edit1); lcen -> líce (1570, edit1)",1.00,trash,,
Arehaeology,Arehaeology,1,sample_tail,at_risk/full,27.2917,vowel_run,Clear:1,"arehaeology -> archaeology (361, confusion)",1.00,,,
yiue: ' 7,yiue: ' 7,1,sample_tail,at_risk/full,27.2917,vowel_run,Noisy:1,"yiue -> siue (13, edit1)",1.00,trash,,
kaii na zubech,kaii na zubech,1,sample_tail,at_risk/full,27.2917,vowel_run,Clear:1,"kaii -> kami (215, edit1)",1.00,noisy,,
Okiouhlice,Okiouhlice,1,sample_tail,at_risk/full,27.2917,vowel_run,Clear:1,"okiouhlice -> okrouhlice (46, edit1)",1.00,noisy,,
Brnn gegegen.,Brnn gegegen.,2,sample_tail,at_risk/full,27.2917,low_variety,Clear:2,"gegegen -> gelegen (211, edit1)",1.00,,,
Oient.,Oient.,1,sample_tail,at_risk/full,27.2917,vowel_run,Clear:1,"oient -> ident (4938, edit1)",1.00,noisy,,
Otaslavioe,Otaslavioe,2,sample_tail,at_risk/full,27.2917,vowel_run,Clear:2,"otaslavioe -> otaslavice (104, edit1)",1.00,noisy,,
LNIII,LNIII,1,sample_tail,at_risk/full,27.2917,"triple,vowel_run",Clear:1,"lniii -> linii (8286, edit1)",1.00,trash,,
"lieol,","lieol,",1,sample_tail,at_risk/full,27.2917,vowel_run,Clear:1,"lieol -> heol (49, confusion)",1.00,trash,,
A wioul.,A wioul.,1,sample_tail,at_risk/full,27.2917,vowel_run,Clear:1,"wioul -> would (46, edit1)",1.00,trash,,
Ccrealia indet,Ccrealia indet,1,sample_tail,at_risk/full,27.2917,initial_geminate,Clear:1,"ccrealia -> cerealia (215, confusion)",1.00,trash,,
Knoyizer Kultur,Knoyizer Kultur,1,sample_tail,at_risk/full,27.2917,vowel_run,Clear:1,"knoyizer -> knovizer (40, edit1)",1.00,,,
PEAUA -PD,PEAUA -PD,1,sample_tail,at_risk/full,27.2917,vowel_run,Noisy:1,"peaua -> paula (28, edit1)",1.00,trash,,
Auewv,Auewv,1,sample_tail,at_risk/none,27.2245,vowel_run,Clear:1,,0.00,trash,,
/Caeecrh,/Caeecrh,1,sample_tail,at_risk/none,27.2245,vowel_run,Clear:1,,0.00,trash,,
alllov,alllov,1,sample_tail,at_risk/none,27.2245,triple,Clear:1,,0.00,trash,,
koeasezoans..,koeasezoans..,1,sample_tail,at_risk/none,27.2245,vowel_run,Clear:1,,0.00,trash,,
Ottendorferstrasse 27.,Ottendorferstrasse 27.,1,sample_tail,at_risk/none,27.2245,low_variety,Noisy:1,,0.00,,,
Frauengr,Frauengr,1,sample_tail,at_risk/none,27.2245,vowel_run,Clear:1,,0.00,,,
malakofaura/musle/skeble 1 1,malakofaura/musle/skeble 1 1,1,sample_tail,at_risk/none,27.2245,low_variety,Noisy:1,,0.00,noisy,,
|CAv ABCNIOOAME V,|CAv ABCNIOOAME V,1,sample_tail,at_risk/none,27.2245,vowel_run,Noisy:1,,0.00,trash,,
"Geglättet,grauer Ton,ohne Ornament,zusammen-","Geglättet,grauer Ton,ohne Ornament,zusammen-",1,sample_tail,at_risk/none,27.2245,vowel_run,Clear:1,,0.00,,,
"geglättet,gekittet,Siedelungsfund,","geglättet,gekittet,Siedelungsfund,",1,sample_tail,at_risk/none,27.2245,low_variety,Clear:1,,0.00,,,
— Yiuiln,— Yiuiln,1,sample_tail,at_risk/none,27.2245,vowel_run,Noisy:1,,0.00,trash,,
SENKRECHTEOSEWAAGERECHTDURCHBOHRT,SENKRECHTEOSEWAAGERECHTDURCHBOHRT,1,sample_tail,at_risk/none,27.2245,low_variety,Clear:1,,0.00,trash,,
laoag,laoag,1,sample_tail,at_risk/none,27.2245,vowel_run,Clear:1,,0.00,trash,,
däiäsu/ ',däiäsu/ ',1,sample_tail,at_risk/none,27.2245,vowel_run,Noisy:1,,0.00,trash,,
SIAPAIOG,SIAPAIOG,1,sample_tail,at_risk/none,27.2245,vowel_run,Clear:1,,0.00,trash,,
luaouithot,luaouithot,1,sample_tail,at_risk/none,27.2245,vowel_run,Clear:1,,0.00,trash,,
"Schirmeisen,Nachric","Schirmeisen,Nachric",1,sample_tail,at_risk/none,27.2245,low_variety,Clear:1,,0.00,,,
415 51 LTOMEAICE,415 51 LTOMEAICE,1,sample_tail,at_risk/none,27.2245,vowel_run,Noisy:1,,0.00,noisy,,
-ouumnu,-ouumnu,1,sample_tail,at_risk/none,27.2245,vowel_run,Clear:1,,0.00,trash,,
Aeunku,Aeunku,1,sample_tail,at_risk/none,27.2245,vowel_run,Clear:1,,0.00,trash,,
ghrauo z,ghrauo z,1,sample_tail,at_risk/none,27.2245,vowel_run,Clear:1,,0.00,trash,,
hiouel,hiouel,1,sample_tail,at_risk/none,27.2245,vowel_run,Clear:1,,0.00,trash,,
Mataiäl,Mataiäl,1,sample_tail,at_risk/none,27.2245,vowel_run,Clear:1,,0.00,trash,,
"gut erhalten,Pfablbaufund,näbere Fundnotiz","gut erhalten,Pfablbaufund,näbere Fundnotiz",1,sample_tail,at_risk/none,27.2245,low_variety,Clear:1,,0.00,,,
Lokoliaoc /Olalite -,Lokoliaoc /Olalite -,1,sample_tail,at_risk/none,27.2245,vowel_run,Noisy:1,,0.00,trash,,
ruoovtce,ruoovtce,1,sample_tail,at_risk/none,27.2245,vowel_run,Clear:1,,0.00,trash,,
M ittabstandstreue,M ittabstandstreue,1,sample_tail,at_risk/none,27.2245,vowel_run,Noisy:1,,0.00,,,
Eootra.5,Eootra.5,1,sample_tail,at_risk/none,27.2245,vowel_run,Clear:1,,0.00,trash,,
"Gebauer,,Zweitausend","Gebauer,,Zweitausend",1,sample_tail,at_risk/none,27.2245,vowel_run,Clear:1,,0.00,,,
Gemmmr,Gemmmr,1,sample_tail,at_risk/none,27.2245,triple,Clear:1,,0.00,trash,,
lan Pauelt.,lan Pauelt.,1,sample_tail,at_risk/none,27.2245,vowel_run,Clear:1,,0.00,trash,,
OTRIUO,OTRIUO,1,sample_tail,at_risk/none,27.2245,vowel_run,Clear:1,,0.00,trash,,
"ausladend,Siedelungsfund,gefunden bei","ausladend,Siedelungsfund,gefunden bei",1,sample_tail,at_risk/none,27.2245,low_variety,Clear:1,,0.00,,,
Jilouitm,Jilouitm,1,sample_tail,at_risk/none,27.2245,vowel_run,Clear:1,,0.00,trash,,
IIIe/str. 45.,IIIe/str. 45. | IIIe/str. 73,2,sample_tail,at_risk/none,27.2245,"triple,vowel_run",Noisy:2,,0.00,trash,,
grauergrobgeschlämmter Ton.,grauergrobgeschlämmter Ton.,1,sample_tail,at_risk/none,27.2245,vowel_run,Clear:1,,0.00,,,
U Ji **dmdekee*enenuenanennnadkannnnenennrvenaphsors,U Ji **dmdekee*enenuenanennnadkannnnenennrvenaphsors,1,sample_tail,at_risk/none,27.2245,low_variety,Noisy:1,,0.00,trash,,
ccna/vzorek,ccna/vzorek,1,sample_tail,at_risk/none,27.2245,initial_geminate,Noisy:1,,0.00,noisy,,
w Archeoingich. apetetnost,w Archeoingich. apetetnost,1,sample_tail,at_risk/none,27.2245,vowel_run,Noisy:1,,0.00,trash,,
"Ornamentierung,gekittet ,-lachgrabfund","Ornamentierung,gekittet ,-lachgrabfund",1,sample_tail,at_risk/none,27.2245,low_variety,Clear:1,,0.00,,,
kureierenta,kureierenta,1,sample_tail,at_risk/none,27.2245,vowel_run,Clear:1,,0.00,trash,,
VYROVNAVAII,VYROVNAVAII,1,sample_tail,at_risk/none,27.2245,vowel_run,Clear:1,,0.00,noisy,,
wwarchkanz,wwarchkanz,1,sample_tail,at_risk/none,27.2245,initial_geminate,Clear:1,,0.00,trash,,
Vkooal:,Vkooal:,1,sample_tail,at_risk/none,27.2245,vowel_run,Clear:1,,0.00,trash,,
Ouetir,Ouetir,1,sample_tail,at_risk/none,27.2245,vowel_run,Clear:1,,0.00,trash,,
Ô/IOAP,Ô/IOAP,2,sample_tail,at_risk/none,27.2245,vowel_run,Clear:2,,0.00,trash,,
"gebettet,Orientierung W.-O.","gebettet,Orientierung W.-O.",1,sample_tail,at_risk/none,27.2245,low_variety,Noisy:1,,0.00,,,
UUOOC,UUOOC,1,sample_tail,at_risk/none,27.2245,vowel_run,Clear:1,,0.00,trash,,
Phameey .,Phameey .,1,sample_tail,at_risk/none,27.2245,vowel_run,Noisy:1,,0.00,trash,,
llyry,llyry,1,sample_tail,at_risk/none,27.2245,initial_geminate,Clear:1,,0.00,trash,,
CIAOLOOIS,CIAOLOOIS,1,sample_tail,at_risk/none,27.2245,vowel_run,Clear:1,,0.00,trash,,
Der Uberbrgermeisterrwerbung:,Der Uberbrgermeisterrwerbung:,1,sample_tail,at_risk/none,27.2245,low_variety,Clear:1,,0.00,,,
Oauorlcihe,Oauorlcihe,1,sample_tail,at_risk/none,27.2245,vowel_run,Clear:1,,0.00,trash,,
metacarpus/metatarsus,metacarpus/metatarsus,3,sample_tail,at_risk/none,27.2245,low_variety,Clear:3,,0.00,,,
Rasterelektronenmikroskop (SEM) 37,Rasterelektronenmikroskop (SEM) 37,1,sample_tail,at_risk/none,27.2245,low_variety,Noisy:1,,0.00,,,
-praoovel AJ) .,-praoovel AJ) .,1,sample_tail,at_risk/none,27.2245,vowel_run,Noisy:1,,0.00,trash,,
"Grauer,feingeschlämmter Ton,","Grauer,feingeschlämmter Ton,",1,sample_tail,at_risk/none,27.2245,vowel_run,Clear:1,,0.00,,,
"Auokit ,","Auokit ,",1,sample_tail,at_risk/none,27.2245,vowel_run,Noisy:1,,0.00,trash,,
SUEAYSVA UL .,SUEAYSVA UL .,1,sample_tail,at_risk/none,27.2245,vowel_run,Noisy:1,,0.00,trash,,
ow-ecimpuawcaweripyigeripoie,ow-ecimpuawcaweripyigeripoie,1,sample_tail,at_risk/none,27.2245,"low_variety,vowel_run",Noisy:1,,0.00,trash,,
/s 5.19 Julailajouud?-,/s 5.19 Julailajouud?-,1,sample_tail,at_risk/none,27.2245,vowel_run,Noisy:1,,0.00,trash,,
sahgimnoya rna w,sahgimnoya rna w,1,sample_tail,at_risk/none,27.2245,vowel_run,Noisy:1,,0.00,trash,,
objlll9.cdr,objlll9.cdr,1,sample_tail,at_risk/none,27.2245,triple,Noisy:1,,0.00,trash,,
"XXX,1937,str. 21","XXX,1937,str. 21",1,sample_tail,at_risk/none,27.2245,"initial_geminate,triple",Noisy:1,,0.00,clear,,
zie_nechfelsenden_Eintragungen_sind_der_Einlagezahl beimgrund-,zie_nechfelsenden_Eintragungen_sind_der_Einlagezahl beimgrund-,1,sample_tail,at_risk/none,27.2245,low_variety,Noisy:1,,0.00,,,
"mit zweiseitigen Bearbeitungsspuren,teilweise","mit zweiseitigen Bearbeitungsspuren,teilweise",1,sample_tail,at_risk/none,27.2245,low_variety,Clear:1,,0.00,,,
1 Auaklo,1 Auaklo,1,sample_tail,at_risk/none,27.2245,vowel_run,Noisy:1,,0.00,trash,,
deauk,deauk,1,sample_tail,at_risk/none,27.2245,vowel_run,Clear:1,,0.00,trash,,
( vyiizet 1:,( vyiizet 1:,1,sample_tail,at_risk/none,27.2245,vowel_run,Noisy:1,,0.00,trash,,
Ccelc,Ccelc,1,sample_tail,at_risk/none,27.2245,initial_geminate,Clear:1,,0.00,trash,,
steuerbegunstigtes Bausparen.,steuerbegunstigtes Bausparen.,2,sample_tail,at_risk/none,27.2245,"low_variety,vowel_run",Clear:2,,0.00,,,
"iny Wialkopolskiej,III.Sympozjum paleolityczne,","iny Wialkopolskiej,III.Sympozjum paleolityczne,",1,sample_tail,at_risk/none,27.2245,vowel_run,Clear:1,,0.00,,,
v Lloudl,v Lloudl,1,sample_tail,at_risk/none,27.2245,initial_geminate,Clear:1,,0.00,trash,,
UUONUD,UUONUD,1,sample_tail,at_risk/none,27.2245,vowel_run,Clear:1,,0.00,trash,,
Mhmiffmniffl,Mhmiffmniffl,1,sample_tail,at_risk/none,27.2245,low_variety,Noisy:1,,0.00,trash,,
cnuuo.,cnuuo.,1,sample_tail,at_risk/none,27.2245,vowel_run,Clear:1,,0.00,trash,,
lleutschlosen.,lleutschlosen.,1,sample_tail,at_risk/none,27.2245,initial_geminate,Clear:1,,0.00,trash,,
"Bronzezeit,Siedelungsfund,gefunden","Bronzezeit,Siedelungsfund,gefunden",1,sample_tail,at_risk/none,27.2245,low_variety,Clear:1,,0.00,,,
Wwowdns..,Wwowdns..,1,sample_tail,at_risk/none,27.2245,initial_geminate,Noisy:1,,0.00,trash,,
"mentiert,inkrustiert,Siedelungsfunde,","mentiert,inkrustiert,Siedelungsfunde,",1,sample_tail,at_risk/none,27.2245,low_variety,Clear:1,,0.00,,,
6 udllly /93/,6 udllly /93/,1,sample_tail,at_risk/none,27.2245,triple,Noisy:1,,0.00,trash,,
SOURAUAI,SOURAUAI,1,sample_tail,at_risk/none,27.2245,vowel_run,Clear:1,,0.00,trash,,
.—ckoau,.—ckoau,1,sample_tail,at_risk/none,27.2245,vowel_run,Clear:1,,0.00,trash,,
HEAITKO:,HEAITKO:,1,sample_tail,at_risk/none,27.2245,vowel_run,Clear:1,,0.00,trash,,
aearet—,aearet—,1,sample_tail,at_risk/none,27.2245,vowel_run,Clear:1,,0.00,trash,,
rojoooc. c4e/ 7,rojoooc. c4e/ 7,1,sample_tail,at_risk/none,27.2245,"triple,vowel_run",Noisy:1,,0.00,trash,,
gooocat,gooocat,1,sample_tail,at_risk/none,27.2245,"triple,vowel_run",Clear:1,,0.00,trash,,
"""nhoienaci""","""nhoienaci""",1,sample_tail,at_risk/none,27.2245,vowel_run,Clear:1,,0.00,trash,,
CZEUI,CZEUI,1,sample_tail,at_risk/none,27.2245,vowel_run,Clear:1,,0.00,trash,,
binoioq,binoioq,1,sample_tail,at_risk/none,27.2245,vowel_run,Clear:1,,0.00,trash,,
3nbaltsverzeiis3.44,3nbaltsverzeiis3.44,1,sample_tail,at_risk/none,27.2245,vowel_run,Clear:1,,0.00,trash,,
Valauec — L,Valauec — L,1,sample_tail,at_risk/none,27.2245,vowel_run,Noisy:1,,0.00,trash,,
Lioucha,Lioucha,1,sample_tail,at_risk/none,27.2245,vowel_run,Clear:1,,0.00,trash,,
OUPIUO,OUPIUO,1,sample_tail,at_risk/none,27.2245,vowel_run,Clear:1,,0.00,trash,,
"Ornamentierung,Siedelungsfunde,aus","Ornamentierung,Siedelungsfunde,aus",1,sample_tail,at_risk/none,27.2245,low_variety,Clear:1,,0.00,,,
v PrazeIII.,v PrazeIII.,2,sample_tail,at_risk/none,27.2245,"triple,vowel_run",Noisy:2,,0.00,noisy,,
", Durehden.Veyaufschhifen In",", Durehden.Veyaufschhifen In",1,sample_tail,at_risk/none,27.2245,vowel_run,Noisy:1,,0.00,,,
Povekrkoäsoaoycov,Povekrkoäsoaoycov,1,sample_tail,at_risk/none,27.2245,vowel_run,Clear:1,,0.00,trash,,
"Steinhammerfragment,Schlagfläehe beim","Steinhammerfragment,Schlagfläehe beim",1,sample_tail,at_risk/partial,27.1667,low_variety,Clear:1,,0.50,,,
"""mrreaitt, mmame a""","""mrreaitt, mmame a""",1,sample_tail,at_risk/partial,27.1667,"initial_geminate,vowel_run",Noisy:1,"mmame -> mame (27, confusion)",0.50,trash,,
"erhalten,Skelettgrabfund,Henkel osen-","erhalten,Skelettgrabfund,Henkel osen-",1,sample_tail,at_risk/partial,27.1667,low_variety,Clear:1,,0.50,,,
"der Reibfläche.Feinkrniger,hellgrauer Quarzit","der Reibfläche.Feinkrniger,hellgrauer Quarzit",1,sample_tail,at_risk/partial,27.1667,vowel_run,Clear:1,,0.67,,,
"teilweise inkrustiert,Herdstellenfunde.","teilweise inkrustiert,Herdstellenfunde.",1,sample_tail,at_risk/partial,27.1667,low_variety,Clear:1,,0.50,,,
"DSEYO, ESTRUSKA,","DSEYO, ESTRUSKA,",1,sample_tail,at_risk/partial,27.1667,vowel_run,Clear:1,"estruska -> struska (3518, edit1)",0.50,trash,,
USTAV NCHEOLOOICKI •,USTAV NCHEOLOOICKI •,1,sample_tail,at_risk/partial,27.1667,vowel_run,Noisy:1,ustav attested 3541x but ústav is 34449x (diacritics),0.50,noisy,,
"flachem Boden,gekittet,geglattete","flachem Boden,gekittet,geglattete",1,sample_tail,at_risk/partial,27.1667,low_variety,Clear:1,flachem attested 49x but flachen is 289x (stronger-twin),0.50,,,
ergrserungeines Glasteuamnefehr schn,ergrserungeines Glasteuamnefehr schn,1,sample_tail,at_risk/partial,27.1667,"low_variety,vowel_run",Clear:1,,0.33,,,
"minder erhalten,Siedelungsfund,Fund-","minder erhalten,Siedelungsfund,Fund-",1,sample_tail,at_risk/partial,27.1667,low_variety,Clear:1,,0.50,,,
"Innenseite ornamentiert,inkrustiert, 1903-1904.","Innenseite ornamentiert,inkrustiert, 1903-1904.",1,sample_tail,at_risk/partial,27.1667,low_variety,Noisy:1,,0.50,,,
"Elbekosteletz,Bez.Melnik","Elbekosteletz,Bez.Melnik",1,sample_tail,at_risk/partial,27.1667,low_variety,Clear:1,melnik attested 41x but mělník is 1147x (diacritics),0.50,,,
Nr.31328=Feuersteinknollen von gelber,Nr.31328=Feuersteinknollen von gelber,1,sample_tail,at_risk/partial,27.1667,vowel_run,Noisy:1,,0.50,,,
"Socket entgegenbringt, ab.","Socket entgegenbringt, ab.",1,sample_tail,at_risk/partial,27.1667,low_variety,Noisy:1,"socket -> sockel (12, edit1)",0.50,,,
"fehlt, teilweise inkrustiert,Siedelungsfund,","fehlt, teilweise inkrustiert,Siedelungsfund,",1,sample_tail,at_risk/partial,27.1667,low_variety,Clear:1,,0.67,,,
"ZAPSAL: ZE2EOUEC, 7","ZAPSAL: ZE2EOUEC, 7",1,sample_tail,at_risk/partial,27.1667,vowel_run,Noisy:1,,0.50,noisy,,
Dreieckklinge aus Feuerstei,Dreieckklinge aus Feuerstei,1,sample_tail,at_risk/partial,27.1667,vowel_run,Clear:1,"feuerstei -> feuerstein (287, edit1)",0.50,,,
Kkdsari Jundrov,Kkdsari Jundrov,1,sample_tail,at_risk/partial,27.1667,initial_geminate,Clear:1,,0.50,trash,,
Kreaik: P. KacI,Kreaik: P. KacI,2,sample_tail,at_risk/partial,27.1667,vowel_run,Noisy:2,,0.50,trash,,
"erbreitern,einseitig konische Form","erbreitern,einseitig konische Form",1,sample_tail,at_risk/partial,27.1667,low_variety,Clear:1,,0.67,,,
Ccrav : Podersam,Ccrav : Podersam,1,sample_tail,at_risk/partial,27.1667,initial_geminate,Noisy:1,,0.50,trash,,
"Druh : KE,KO,KE,KO,MINCE,KE,FE,KE,STR,K","Druh : KE,KO,KE,KO,MINCE,KE,FE,KE,STR,K",1,sample_tail,at_risk/partial,27.1667,low_variety,Noisy:1,,0.50,noisy,,
ZPRAVA O ARCHEOLOGICKEAAKCI,ZPRAVA O ARCHEOLOGICKEAAKCI,1,sample_tail,at_risk/partial,27.1667,vowel_run,Clear:1,zprava attested 3981x but zpráva is 36676x (diacritics),0.50,noisy,,
"Eine Feuersteinsäge,an der","Eine Feuersteinsäge,an der",1,sample_tail,at_risk/partial,27.1667,vowel_run,Clear:1,,0.50,,,
IIECLOCI7 1 STAV,IIECLOCI7 1 STAV,1,sample_tail,at_risk/partial,27.1667,vowel_run,Noisy:1,,0.50,trash,,
Grobgearbeiteter dickwandiger Napf.,Grobgearbeiteter dickwandiger Napf.,1,sample_tail,at_risk/partial,27.1667,low_variety,Clear:1,,0.67,,,
zapsal ..N..EAMEAA(k,zapsal ..N..EAMEAA(k,1,sample_tail,at_risk/partial,27.1667,vowel_run,Clear:1,,0.50,trash,,
"grosstes Unternehmen,heute stillgelegt.","grosstes Unternehmen,heute stillgelegt.",1,sample_tail,at_risk/partial,27.1667,low_variety,Clear:1,"grosstes -> grosses (111, edit1)",0.33,,,
"Steinmeisselfragment,mit einseitigem","Steinmeisselfragment,mit einseitigem",1,sample_tail,at_risk/partial,27.1667,low_variety,Clear:1,"einseitigem -> einseitiger (13, edit1)",0.50,,,
"1.gelbbraunes Feuersteinmesser,gefunden 1935,","1.gelbbraunes Feuersteinmesser,gefunden 1935,",1,sample_tail,at_risk/partial,27.1667,"low_variety,vowel_run",Noisy:1,"gelbbraunes -> gelbbrauner (53, edit1)",0.50,,,
waren bauerlicher Besitz.,waren bauerlicher Besitz.,1,sample_tail,at_risk/partial,27.1667,vowel_run,Clear:1,,0.67,,,
uoini DCIAOVICC,uoini DCIAOVICC,2,sample_tail,at_risk/partial,27.1667,vowel_run,Noisy:2,"uoini -> doini (25, edit1)",0.50,trash,,
lidu XtERXLTLEKErOncvgerOpehCet 84/.,lidu XtERXLTLEKErOncvgerOpehCet 84/.,1,sample_tail,at_risk/partial,27.1667,low_variety,Noisy:1,,0.50,trash,,
"Hirschhornhammer,abgebohrt,gut erhal","Hirschhornhammer,abgebohrt,gut erhal",1,sample_tail,at_risk/partial,27.1667,low_variety,Clear:1,,0.50,,,
Vykopal; MKCHIUOSHI Zaznamenal,Vykopal; MKCHIUOSHI Zaznamenal,1,sample_tail,at_risk/partial,27.1667,vowel_run,Noisy:1,,0.67,noisy,,
"grosstenteils rauchschwarz,gelblichgrauen,roten","grosstenteils rauchschwarz,gelblichgrauen,roten",1,sample_tail,at_risk/partial,27.1667,vowel_run,Clear:1,,0.50,,,
"ichaftswissenschaftlichen Fakultät, Breslau:","ichaftswissenschaftlichen Fakultät, Breslau:",1,sample_tail,at_risk/partial,27.1667,low_variety,Clear:1,,0.33,,,
"Rillenornamentierung,mit schlanker","Rillenornamentierung,mit schlanker",1,sample_tail,at_risk/partial,27.1667,low_variety,Clear:1,,0.50,,,
Kanneluren versehen(stilisiertes Buckelornament!?).,Kanneluren versehen(stilisiertes Buckelornament!?).,1,sample_tail,at_risk/partial,27.1667,low_variety,Clear:1,,0.33,,,
"okraj sekt.III,konec","okraj sekt.III,konec",1,sample_tail,at_risk/partial,27.1667,"triple,vowel_run",Clear:1,,0.67,clear,,
Tetetice /s.o. Zdounky/.,Tetetice /s.o. Zdounky/.,1,sample_tail,at_risk/partial,27.1667,low_variety,Noisy:1,,0.50,noisy,,
Gemeinde Ovukecieu,Gemeinde Ovukecieu,1,sample_tail,at_risk/partial,27.1667,vowel_run,Clear:1,,0.50,,,
"mit grauem,graphithaltigem Schlickuberzug","mit grauem,graphithaltigem Schlickuberzug",1,sample_tail,at_risk/partial,27.1667,vowel_run,Clear:1,,0.50,,,
Mileschauer Berg,Mileschauer Berg,1,sample_tail,at_risk/partial,27.1667,vowel_run,Clear:1,,0.50,,,
Kat. obec: CtUAAUCA,Kat. obec: CtUAAUCA,1,sample_tail,at_risk/partial,27.1667,"low_variety,vowel_run",Noisy:1,,0.50,trash,,
zapsal ..AAYEAc?...,zapsal ..AAYEAc?...,1,sample_tail,at_risk/partial,27.1667,vowel_run,Noisy:1,,0.50,trash,,
schichfsforscher Rarl Schirmeisen,schichfsforscher Rarl Schirmeisen,1,sample_tail,at_risk/partial,27.1667,low_variety,Clear:1,,0.67,,,
Fundetelle am PiltacherBachbeiWallik’sZiegelei.,Fundetelle am PiltacherBachbeiWallik’sZiegelei.,1,sample_tail,at_risk/partial,27.1667,low_variety,Noisy:1,"fundetelle -> fundstelle (1857, edit1)",0.50,,,
"GefäBscherben, sechs Mahlsteine,Schleifstein,Estrich,","GefäBscherben, sechs Mahlsteine,Schleifstein,Estrich,",1,sample_tail,at_risk/partial,27.1667,low_variety,Noisy:1,,0.67,,,
"daferiai?nach Stoff,Farbe,Erhaltung.","daferiai?nach Stoff,Farbe,Erhaltung.",1,sample_tail,at_risk/partial,27.1667,vowel_run,Clear:1,,0.50,,,
FELDTEL-G-BIAU,FELDTEL-G-BIAU,1,sample_tail,at_risk/partial,27.1667,vowel_run,Clear:1,"biau -> bila (130, edit1)",0.50,trash,,
omnarenerena Geofyzik,omnarenerena Geofyzik,1,sample_tail,at_risk/partial,27.1667,low_variety,Noisy:1,,0.50,trash,,
"MZMRISCH,IEU Stxdter","MZMRISCH,IEU Stxdter",1,sample_tail,at_risk/partial,27.1667,vowel_run,Clear:1,"stxdter -> städter (15, edit1)",0.50,trash,,
Schni ttstellen,Schni ttstellen,1,sample_tail,at_risk/partial,27.1667,initial_geminate,Clear:1,,0.50,,,
